ABplapaaaapp	ADAL	NA					
ABprapaaaapp	ADAR	NA					
ABplapaaaapa	ADEL	ADE					
ABprapaaaapa	ADER	ADE					
ABarppaaaa	ADEshL	ADEsh					
ABarpppaaa	ADEshR	ADEsh					
ABalpppppaa	ADFL	ADF					
ABpraaappaa	ADFR	ADF					
ABalppppaad	ADLL	ADL					
ABpraaapaad	ADLR	ADL					
ABalpppapav	AFDL	AFD					
ABpraaaapav	AFDR	AFD					
ABplppaappa	AIAL	AIA					
ABprppaappa	AIAR	AIA					
ABplaapappa	AIBL	AIB					
ABpraapappa	AIBR	AIB					
ABplpaapppa	AIML	AIM					
ABprpaapppa	AIMR	AIM					
ABalaaaalal	AINL	AIN					
ABalaapaaar	AINR	AIN					
ABplpapaaap	AIYL	AIY					
ABprpapaaap	AIYR	AIY					
ABplapaaapav	AIZL	AIZ					
ABprapaaapav	AIZR	AIZ					
ABalapppaaa	ALA	ALA					
ABarppaappa	ALML	ALM_PLM					
ABarpppappa	ALMR	ALM_PLM					
ABplapappppap	ALNL	ALN					
ABprapappppap	ALNR	ALN					
ABplaapaapp	AMshL	AMsh					
ABpraapaapp	AMshR	AMsh					
ABplpaapapa	AMsoL	AMso					
ABprpaapapa	AMsoR	AMso					
ABalpaappaa	arc_ant_DL	Anterior_arcade_cell	Arcade_cell_anterior_and_posterior				
ABaraaapppa	arc_ant_DR	Anterior_arcade_cell	Arcade_cell_anterior_and_posterior				
ABalpapaapa	arc_ant_V	ant_arc_V	Arcade_cell_anterior_and_posterior				
ABaraaappaa	arc_post_D	Posterior_arcade_cell	Arcade_cell_anterior_and_posterior				
ABalpaapaaa	arc_post_DL	Posterior_arcade_cell	Arcade_cell_anterior_and_posterior				
ABaraaapaaa	arc_post_DR	Posterior_arcade_cell	Arcade_cell_anterior_and_posterior				
ABarapapapa	arc_post_V	Posterior_arcade_cell	Arcade_cell_anterior_and_posterior				
ABalpaappap	arc_post_VL	Posterior_arcade_cell	Arcade_cell_anterior_and_posterior				
ABaraaappap	arc_post_VR	Posterior_arcade_cell	Arcade_cell_anterior_and_posterior				
ABalppppppaa	ASEL	ASE					
ABpraaapppaa	ASER	ASE					
ABplaapapap	ASGL	ASG					
ABpraapapap	ASGR	ASG					
ABplpaappaa	ASHL	ASH					
ABprpaappaa	ASHR	ASH					
ABplaapapppa	ASIL	ASI					
ABpraapapppa	ASIR	ASI					
ABalpppppppa	ASJL	ASJ					
ABpraaappppa	ASJR	ASJ					
ABalpppapppa	ASKL	ASK					
ABpraaaapppa	ASKR	ASK					
ABalpppppppp	AUAL	AUA					
ABpraaappppp	AUAR	AUA					
ABalppaaapa	AVAL	AVA					
ABalaappapa	AVAR	AVA					
ABplpaapaap	AVBL	AVB					
ABprpaapaap	AVBR	AVB					
ABalaaapalr	AVDL	AVD					
ABalaaapprl	AVDR	AVD					
ABalpppaaaa	AVEL	AVE					
ABpraaaaaaa	AVER	AVE					
ABprpapppap	AVG	AVG					
ABalapaaaaa	AVHL	AVH					
ABalappapaa	AVHR	AVH					
ABalapapppa	AVJL	AVJ					
ABalapppppa	AVJR	AVJ					
ABplpapapap	AVKL	AVK					
ABprpapapap	AVKR	AVK					
ABprpappaap	AVL	AVL					
ABplaapapaa	AWAL	AWA					
ABpraapapaa	AWAR	AWA					
ABalpppppap	AWBL	AWB					
ABpraaappap	AWBR	AWB					
ABplpaaaaap	AWCL	AWC					
ABprpaaaaap	AWCR	AWC					
ABprppppapa	B	B	B_F_K_Kp_U_Y				
ABalppappap	BAGL	BAG					
ABarappppap	BAGR	BAG					
ABarppaappp	BDUL		ALM_BDU				
ABarpppappp	BDUR		ALM_BDU				
ABalapaaapa	CANL	CAN					
ABalappappa	CANR	CAN					
MSapapaaa	ccAL	Coelomocyte					
MSppapaaa	ccAR	Coelomocyte					
MSapapaap	ccPL	Coelomocyte					
MSppapaap	ccPR	Coelomocyte					
ABalaaaalar	cell death	NA					
ABalaaaalpa	cell death	NA					
ABalaaaarla	cell death	NA					
ABalaaaarra	cell death	NA					
ABalaaaparl	cell death	NA					
ABalaaapplr	cell death	NA					
ABalaapaaal	cell death	NA					
ABalaapaapa	cell death	NA					
ABalaapapa	cell death	NA					
ABalaapappa	cell death	NA					
ABalaappaa	cell death	NA					
ABalaapppap	cell death	NA					
ABalaappppap	cell death	NA					
ABalapaaaap	cell death	NA					
ABalapaapap	cell death	NA					
ABalapaappap	cell death	NA					
ABalapapaa	cell death	NA					
ABalapapapap	cell death	NA					
ABalapappaap	cell death	NA					
ABalappaaa	cell death	NA					
ABalappaapp	cell death	NA					
ABalappapap	cell death	NA					
ABalapppapap	cell death	NA					
ABalappppaap	cell death	NA					
ABalpaaaapp	cell death	NA					
ABalpaaapap	cell death	NA					
ABalpaaappa	cell death	NA					
ABalpapaapp	cell death	NA					
ABalpapapapa	cell death	NA					
ABalpapappa	cell death	NA					
ABalpappaaa	cell death	NA					
ABalpappaapp	cell death	NA					
ABalpapppap	cell death	NA					
ABalppaaaa	cell death	NA					
ABalppaapa	cell death	NA					
ABalppaappa	cell death	NA					
ABalppapppap	cell death	NA					
ABalpppaapv	cell death	NA					
ABalpppappa	cell death	NA					
ABalpppapppp	cell death	NA					
ABalppppaav	cell death	NA					
ABalppppapap	cell death	NA					
ABalppppapp	cell death	NA					
ABalppppppap	cell death	NA					
ABaraaaapaa	cell death	NA					
ABaraaaapp	cell death	NA					
ABaraapapaad	cell death	NA					
ABaraapppaad	cell death	NA					
ABarapaaapp	cell death	NA					
ABarapaapap	cell death	NA					
ABarapapaaa	cell death	NA					
ABarapapaapp	cell death	NA					
ABarapappap	cell death	NA					
ABarappaaap	cell death	NA					
ABarappaapp	cell death	NA					
ABarappapapa	cell death	NA					
ABarapppppap	cell death	NA					
ABarpaaapp	cell death	NA					
ABarpapaaap	cell death	NA					
ABarpapaapa	cell death	NA					
ABplaaaaaap	cell death	NA					
ABplaaaaapa	cell death	NA					
ABplaapapppp	cell death	NA					
ABplapaaaaa	cell death	NA					
ABplapapppa	cell death	NA					
ABplapappppp	cell death	NA					
ABplapppaap	cell death	NA					
ABplapppapa	cell death	NA					
ABplpaaappap	cell death	NA					
ABplpaapapp	cell death	NA					
ABplpaappppp	cell death	NA					
ABplpappap	cell death	NA					
ABplppaaaapa	cell death	NA					
ABplppaaap	cell death	NA					
ABplppaapaa	cell death	NA					
ABplpppapp	cell death	NA					
ABpraaaaapv	cell death	NA					
ABpraaaappa	cell death	NA					
ABpraaaapppp	cell death	NA					
ABpraaapaav	cell death	NA					
ABpraaapapap	cell death	NA					
ABpraaapapp	cell death	NA					
ABpraaapppap	cell death	NA					
ABpraapapppp	cell death	NA					
ABprapaaaaa	cell death	NA					
ABprapapppa	cell death	NA					
ABprapappppp	cell death	NA					
ABprapppaap	cell death	NA					
ABprapppapa	cell death	NA					
ABprpaaappap	cell death	NA					
ABprpaapapp	cell death	NA					
ABprpaappppp	cell death	NA					
ABprppaaaapa	cell death	NA					
ABprppaaap	cell death	NA					
ABprppaapaa	cell death	NA					
ABprpppapp	cell death	NA					
MSaaaappa	cell death	NA					
MSaaappa	cell death	NA					
MSaapaapap	cell death	NA					
MSaapapap	cell death	NA					
MSapaapa	cell death	NA					
MSappapa	cell death	NA					
MSpaaaaap	cell death	NA					
MSpaapaap	cell death	NA					
MSpaapp	cell death	NA					
MSpapaapap	cell death	NA					
MSpapapap	cell death	NA					
MSppaapa	cell death	NA					
MSpppaaa	cell death	NA					
MSpppapa	cell death	NA					
Caapap	cell death	NA					
ABplaaaaappa	CEPDL	CEP					
ABarpapaappa	CEPDR	CEP					
ABarpaaaapp	CEPshDL	CEPsh					
ABarpaaapap	CEPshDR	CEPsh					
ABplpaaapap	CEPshVL	CEPsh					
ABprpaaapap	CEPshVR	CEPsh					
ABalapapppp	CEPsoDL	CEPso					
ABalapppppp	CEPsoDR	CEPso					
ABalppaappp	CEPsoVL	CEPso					
ABalaapappp	CEPsoVR	CEPso					
ABplpaappppa	CEPVL	CEP					
ABprpaappppa	CEPVR	CEP					
ABprppapaap	DA1	DA					
ABplppapapa	DA2	DA					
ABprppapapa	DA3	DA					
ABplppapapp	DA4	DA					
ABprppapapp	DA5	DA					
ABplpppaaap	DA6	DA					
ABprpppaaap	DA7	DA					
ABprpapappp	DA8	DA					
ABplpppaaaa	DA9	DA					
ABplpaaaapp	DB1	DB					
ABarappappa	DB2	DB					
ABprpaaaapp	DB3	DB					
ABprpappapp	DB4	DB					
ABplpapappp	DB5	DB					
ABplppaappp	DB6	DB					
ABprppaappp	DB7	DB					
ABplppappap	DD1	DD					
ABprppappap	DD2	DD					
ABplppapppa	DD3	DD					
ABprppapppa	DD4	DD					
ABplppapppp	DD5	DD					
ABprppapppp	DD6	DD					
ABprppppapp	DVA	DVA					
Caapaa	DVC	DVC					
ABaraaaapap	e1D	NA					
ABaraaaaaaa	e1VL	NA					
ABaraaaaapa	e1VR	NA					
ABalpaapaap	e2DL	NA					
ABaraaapaap	e2DR	NA					
ABalpappapa	e2V	NA					
ABaraapaaaa	e3D	NA					
ABalpaaaaaa	e3VL	NA					
ABarapaaaaa	e3VR	NA					
ABplpappaap	exc	Excretory_cell					
ABplpaaaapa	exc_duct	Excretory_duct_and_pore					
ABplpapapaa	exc_gl_L	Excretory_gland					
ABprpapapaa	exc_gl_R	Excretory_gland					
ABplppppapp	F	F_U	B_F_K_Kp_U_Y				
ABplapaaapad	FLPL	FLP					
ABprapaaapad	FLPR	FLP					
ABprpaaaapa	G1	NA					
MSaapaapaa	g1AL	g1A					
MSpapaapaa	g1AR	g1A					
MSaaaaapap	g1P	g1P					
ABplapaapa	G2	G2_and_W_blasts					
MSaapapaa	g2L	g2					
MSpapapaa	g2R	g2					
MSaaaaaal	GLRDL	GLR					
MSaaaaaar	GLRDR	GLR					
MSapaaaad	GLRL	GLR					
MSppaaaad	GLRR	GLR					
MSapaaaav	GLRVL	GLR					
MSppaaaav	GLRVR	GLR					
ABplaaappa	H0L	NA	couldbe P cells				
ABarpapppa	H0R	NA					
ABplaaappp	H1L	NA					
ABarpapppp	H1R	NA					
ABarppaaap	H2L	NA					
ABarpppaap	H2R	NA					
MSappaaa	hmc	hmc					
ABplapppappa	HSNL	NA					
ABprapppappa	HSNR	NA					
ABalpaapppa	hyp1	hyp1_hyp2					
ABaraaapppp	hyp1	hyp1_hyp2					
ABarappaapa	hyp1	hyp1V	hyp1_hyp2				
ABplppppppp	hyp10	Tail_hypodermis					
ABprppppppp	hyp10	Tail_hypodermis					
Cpappv	hyp11	Tail_hypodermis					
ABalpaapppp	hyp2	hyp1_hyp2					
ABalpapaaap	hyp2	hyp1_hyp2					
ABplaapaaaa	hyp3	hyp3					
ABpraapaaaa	hyp3	hyp3					
ABarpapapa	hyp4	hyp4_hyp5_hyp6					
ABplaappaa	hyp4	hyp4_hyp5_hyp6					
ABpraappaa	hyp4	hyp4_hyp5_hyp6					
ABarpappap	hyp5	hyp4_hyp5_hyp6					
ABplaaapap	hyp5	hyp4_hyp5_hyp6					
ABarpaapaa	hyp6	hyp4_hyp5_hyp6					
ABarpapapp	hyp6	hyp4_hyp5_hyp6					
ABplaaaapa	hyp6	hyp4_hyp5_hyp6					
ABplaaaapp	hyp6	hyp4_hyp5_hyp6					
ABplaappap	hyp6	hyp4_hyp5_hyp6					
ABpraappap	hyp6	hyp4_hyp5_hyp6					
ABarpaapap	hyp7	hyp7_AB_lineage					
ABarpaappa	hyp7	hyp7_AB_lineage					
ABarpaappp	hyp7	hyp7_AB_lineage					
ABarppaapa	hyp7	hyp7_AB_lineage					
ABarpppapa	hyp7	hyp7_AB_lineage					
ABplaapppa	hyp7	hyp7_AB_lineage					
ABplaapppp	hyp7	hyp7_AB_lineage					
ABplappppa	hyp7	hyp7_AB_lineage					
ABpraapppa	hyp7	hyp7_AB_lineage					
ABpraapppp	hyp7	hyp7_AB_lineage					
ABprappppa	hyp7	hyp7_AB_lineage					
Caaaaa	hyp7	hyp7_C_lineage					
Caaaap	hyp7	hyp7_C_lineage					
Caaapa	hyp7	hyp7_C_lineage					
Caaapp	hyp7	hyp7_C_lineage					
Caappd	hyp7	hyp7_C_lineage					
Cpaaaa	hyp7	hyp7_C_lineage					
Cpaaap	hyp7	hyp7_C_lineage					
Cpaapa	hyp7	hyp7_C_lineage					
Cpaapp	hyp7	hyp7_C_lineage					
Cpapaa	hyp7	hyp7_C_lineage					
Cpapap	hyp7	hyp7_C_lineage					
Cpappd	hyp7	hyp7_C_lineage					
ABplpppapap	hyp8	Tail_hypodermis					
ABprpppapap	hyp9	Tail_hypodermis					
ABalpapppaa	I1L	NA					
ABarapappaa	I1R	NA					
ABalpappaapa	I2L	NA					
ABarapapaapa	I2R	NA					
MSaaaaapaa	I3	NA					
MSaaaapaa	I4	NA					
ABarapapapp	I5	I5					
MSpaaapaa	I6	NA					
ABalapappaaa	IL1DL	IL1					
ABalappppaaa	IL1DR	IL1					
ABalapaappaa	IL1L	IL1					
ABalaappppaa	IL1R	IL1					
ABalppapppaa	IL1VL	IL1					
ABarapppppaa	IL1VR	IL1					
ABalapappap	IL2DL	IL2					
ABalappppap	IL2DR	IL2					
ABalapaappp	IL2L	IL2					
ABalaappppp	IL2R	IL2					
ABalppapppp	IL2VL	IL2					
ABarapppppp	IL2VR	IL2					
ABalaaaparr	ILshDL	ILsh_OLLsh_OLQsh					
ABalaaappll	ILshDR	ILsh_OLLsh_OLQsh					
ABalaaaalpp	ILshL	ILsh_OLLsh_OLQsh					
ABalaapaapp	ILshR	ILsh_OLLsh_OLQsh					
ABalppapaap	ILshVL	ILsh_OLLsh_OLQsh					
ABarapppaap	ILshVR	ILsh_OLLsh_OLQsh					
ABplaapaaap	ILsoDL	ILso					
ABpraapaaap	ILsoDR	ILso					
ABalaaapall	ILsoL	ILso					
ABalaaapprr	ILsoR	ILso					
ABalppapapp	ILsoVL	ILso					
ABarapppapp	ILsoVR	ILso					
Ealaad	int1DL	Intestine_anterior					
Earaad	int1DR	Intestine_anterior					
Ealaav	int1VL	Intestine_anterior					
Earaav	int1VR	Intestine_anterior					
Earpa	int2D	Intestine_anterior					
Ealpa	int2V	Intestine_anterior					
Earap	int3D	Intestine_middle_and_posterior					
Ealap	int3V	Intestine_middle_and_posterior					
Epraa	int4D	Intestine_middle_and_posterior					
Eplaa	int4V	Intestine_middle_and_posterior					
Ealpp	int5L	Intestine_middle_and_posterior					
Earpp	int5R	Intestine_middle_and_posterior					
Eplap	int6L	Intestine_middle_and_posterior					
Eprap	int6R	Intestine_middle_and_posterior					
Eplpa	int7L	Intestine_middle_and_posterior					
Eprpa	int7R	Intestine_middle_and_posterior					
Eplppa	int8L	Intestine_far_posterior					
Eprppa	int8R	Intestine_far_posterior					
Eplppp	int9L	Intestine_far_posterior					
Eprppp	int9R	Intestine_far_posterior					
ABplpapppaa	K	K_Kprime	B_F_K_Kp_U_Y				
ABplpapppap	'K	K_Kprime	B_F_K_Kp_U_Y				
ABplpppaapap	LUAL	NA					
ABprpppaapap	LUAR	NA					
MSapaapp	M	M_cell					
MSpaapaaa	M1	NA					
ABaraapappa	M2L	NA					
ABaraappppa	M2R	NA					
ABaraapappp	M3L	NA					
ABaraappppp	M3R	NA					
MSpaaaaaa	M4	NA					
MSpaaapap	M5	NA					
ABalpaapapa	mc1DL	mc1					
ABaraaapapa	mc1DR	mc1					
ABalpappppa	mc1V	mc1					
ABaraapaapp	mc2DL	mc2					
ABaraappapp	mc2DR	mc2					
ABarapapppa	mc2V	mc2					
MSaaapapa	mc3DL	mc3					
MSpaapapa	mc3DR	mc3					
ABalpappapp	mc3V	mc3					
ABalpaaappp	MCL	MC					
ABarapaappp	MCR	MC					
ABaraappaaa	MI	NA					
ABplpppppap	mu_anal	mu_int_mu_anal					
MSapappa	mu_bodDL1	BWM_head_row_1					Body_wall_muscle
Dapap	mu_bodDL10	BWM_posterior					BWM_anterior
Dapppa	mu_bodDL11	BWM_posterior					BWM_far_posterior
Cappaaa	mu_bodDL12	BWM_posterior					
Dapppp	mu_bodDL13	BWM_posterior					BWM_head_row_2
Capapaa	mu_bodDL14	BWM_posterior					BWM_posterior
Cappaap	mu_bodDL17	BWM_posterior					
Capapap	mu_bodDL18	BWM_posterior					
Capppaa	mu_bodDL19	BWM_posterior					
MSapaaap	mu_bodDL2	BWM_head_row_2					
Cappapa	mu_bodDL20	BWM_posterior					
Capppap	mu_bodDL21	BWM_posterior					
Cappppd	mu_bodDL23	BWM_far_posterior					
Cappapp	mu_bodDL24	BWM_far_posterior					
MSappppa	mu_bodDL3	BWM_anterior					
MSapappp	mu_bodDL4	BWM_anterior					
MSappppp	mu_bodDL5	BWM_anterior					
MSapppap	mu_bodDL6	BWM_anterior					
Dappaa	mu_bodDL7	BWM_anterior					
Daaap	mu_bodDL8	BWM_anterior					
Dappap	mu_bodDL9	BWM_anterior					
MSppappa	mu_bodDR1	BWM_head_row_1					
Dppap	mu_bodDR10	BWM_posterior					
Dppppa	mu_bodDR11	BWM_posterior					
Cpppaaa	mu_bodDR12	BWM_posterior					
Dppppp	mu_bodDR13	BWM_posterior					
Cppapaa	mu_bodDR14	BWM_posterior					
Cpppaap	mu_bodDR17	BWM_posterior					
Cppapap	mu_bodDR18	BWM_posterior					
Cppppaa	mu_bodDR19	BWM_posterior					
MSppaaap	mu_bodDR2	BWM_head_row_2					
Cpppapa	mu_bodDR20	BWM_posterior					
Cppppap	mu_bodDR21	BWM_posterior					
Cpppppd	mu_bodDR23	BWM_far_posterior					
Cpppapp	mu_bodDR24	BWM_far_posterior					
MSpppppa	mu_bodDR3	BWM_anterior					
MSppappp	mu_bodDR4	BWM_anterior					
MSpppppp	mu_bodDR5	BWM_anterior					
MSppppap	mu_bodDR6	BWM_anterior					
Dpppaa	mu_bodDR7	BWM_anterior					
Dpaap	mu_bodDR8	BWM_anterior					
Dpppap	mu_bodDR9	BWM_anterior					
MSappapp	mu_bodVL1	BWM_head_row_1					
Capaaaa	mu_bodVL10	BWM_posterior					
MSaappppa	mu_bodVL11	BWM_posterior					
Capaaap	mu_bodVL12	BWM_posterior					
MSaappppp	mu_bodVL13	BWM_posterior					
Capaapa	mu_bodVL14	BWM_posterior					
MSpappa(a/l)	mu_bodVL15	BWM_posterior					
Capaapp	mu_bodVL16	BWM_posterior					
Capappa	mu_bodVL19	BWM_posterior					
MSapapap	mu_bodVL2	BWM_head_row_2					
Capappp	mu_bodVL22	BWM_posterior					
Cappppv	mu_bodVL23	BWM_far_posterior					
Daapa	mu_bodVL3	BWM_anterior					
MSapppaa	mu_bodVL4	BWM_anterior					
Daapp	mu_bodVL5	BWM_anterior					
Daaaa	mu_bodVL6	BWM_anterior					
MSaapppaa	mu_bodVL7	BWM_anterior					
Dapaa	mu_bodVL8	BWM_anterior					
MSaapppap	mu_bodVL9	BWM_anterior					
MSpppapp	mu_bodVR1	BWM_head_row_1					
Cppaaaa	mu_bodVR10	BWM_posterior					
MSpappppa	mu_bodVR11	BWM_posterior					
Cppaaap	mu_bodVR12	BWM_posterior					
MSpappppp	mu_bodVR13	BWM_posterior					
Cppaapa	mu_bodVR14	BWM_posterior					
MSpappa(p/r)	mu_bodVR15	BWM_posterior					
Cppaapp	mu_bodVR16	BWM_posterior					
ABprpppppaa	mu_bodVR19	BWM_posterior					
MSppapap	mu_bodVR2	BWM_head_row_2					
Cppappa	mu_bodVR20	BWM_posterior					
Cppappp	mu_bodVR21	BWM_posterior					
Cpppppv	mu_bodVR24	BWM_far_posterior					
Dpapa	mu_bodVR3	BWM_anterior					
MSppppaa	mu_bodVR4	BWM_anterior					
Dpapp	mu_bodVR5	BWM_anterior					
Dpaaa	mu_bodVR6	BWM_anterior					
MSpapppaa	mu_bodVR7	BWM_anterior					
Dppaa	mu_bodVR8	BWM_anterior					
MSpapppap	mu_bodVR9	BWM_anterior					
ABplpppppaa	mu_int_L	Intestinal_and_rectal_muscle					
MSppaapp	mu_int_R	Intestinal_and_rectal_muscle					
ABprpppppap	mu_sph	mu_sph					
ABaraapapaav	NSML	NA					
ABaraapppaav	NSMR	NA					
ABalppppapaa	OLLL	OLL					
ABpraaapapaa	OLLR	OLL					
ABalpppaapd	OLLshL	ILsh_OLLsh_OLQsh					
ABpraaaaapd	OLLshR	ILsh_OLLsh_OLQsh					
ABalapaaapp	OLLsoL	Glia					
ABalappappp	OLLsoR	Glia					
ABalapapapaa	OLQDL	OLQ					
ABalapppapaa	OLQDR	OLQ					
ABarpaaaapa	OLQshDL	ILsh_OLLsh_OLQsh					
ABarpaaapaa	OLQshDR	ILsh_OLLsh_OLQsh					
ABalpppaaap	OLQshVL	ILsh_OLLsh_OLQsh					
ABpraaaaaap	OLQshVR	ILsh_OLLsh_OLQsh					
ABarpaaaaal	OLQsoDL	Glia					
ABarpaaaaar	OLQsoDR	Glia					
ABalppaaapp	OLQsoVL	Glia					
ABalaappapp	OLQsoVR	Glia					
ABplpaaappaa	OLQVL	OLQ					
ABprpaaappaa	OLQVR	OLQ					
ABplapaapp	P1	P_cell					
ABprapaapp	P1	P_cell					
ABplapappa   	P11	P_cell					
ABprapappa	P12	P_cell					
ABplappaaa	P3	P_cell					
ABprappaaa	P3	P_cell					
ABplappaap	P5	P_cell					
ABprappaap	P5	P_cell					
ABplappapp	P7	P_cell					
ABprappapp	P7	P_cell					
ABplapapap	P9	P_cell					
ABprapapap	P9	P_cell					
ABplpppaapp	PHAL		PHB_and_possibly_PHA				
ABprpppaapp	PHAR		PHB_and_possibly_PHA				
ABplapppappp	PHBL		PHB_and_possibly_PHA				
ABprapppappp	PHBR		PHB_and_possibly_PHA				
ABplpppapaa	PHshL	Glia					
ABprpppapaa	PHshR	Glia					
ABplapappppaa	PLML	PLM					
ABprapappppaa	PLMR	PLM					
ABaraapaaap	pm1DL	pm1_pm2					
ABaraappaap	pm1DR	pm1_pm2					
ABaraaaaaap	pm1L	pm1_pm2					
ABaraaaaapp	pm1R	pm1_pm2					
ABalpaaaapa	pm1VL	pm1_pm2					
ABarapaaapa	pm1VR	pm1_pm2					
ABaraapaapa	pm2DL	pm1_pm2					
ABaraappapa	pm2DR	pm1_pm2					
ABalpaaapaa	pm2L	pm1_pm2					
ABarapaapaa	pm2R	pm1_pm2					
ABalpaaaaap	pm2VL	pm1_pm2					
ABarapaaaap	pm2VR	pm1_pm2					
MSaaapaaa	pm3DL	pm3_pm4_pm5					
MSpaaaapa	pm3DR	pm3_pm4_pm5					
ABalpaapapp	pm3L	pm3_pm4_pm5					
ABarapaappa	pm3R	pm3_pm4_pm5					
ABalpappppp	pm3VL	pm3_pm4_pm5					
ABarapapppp	pm3VR	pm3_pm4_pm5					
MSaaaaapp	pm4DL	pm3_pm4_pm5					
MSpaaaapp	pm4DR	pm3_pm4_pm5					
MSaaapaap	pm4L	pm3_pm4_pm5					
ABaraaapapp	pm4R	pm3_pm4_pm5					
MSaapaaaa	pm4VL	pm3_pm4_pm5					
MSpapaaaa	pm4VR	pm3_pm4_pm5					
MSaaaapap	pm5DL	pm3_pm4_pm5					
MSpaaappa	pm5DR	pm3_pm4_pm5					
ABaraapapap	pm5L	pm3_pm4_pm5					
ABaraapppap	pm5R	pm3_pm4_pm5					
MSaapaaap	pm5VL	pm3_pm4_pm5					
MSpapaaap	pm5VR	pm3_pm4_pm5					
MSpaaappp	pm6D	pm6					
MSaapappa	pm6VL	pm6					
MSpapappa	pm6VR	pm6					
MSaaaappp	pm7D	pm7					
MSaapaapp	pm7VL	pm7					
MSpapaapp	pm7VR	pm7					
MSaaapapp	pm8	pm8					
ABplpppaapaa	PVCL		PVQ_and_possibly_PVC				
ABprpppaapaa	PVCR		PVQ_and_possibly_PVC				
ABplppppaaa	PVPL	PVP					
ABprppppaaa	PVPR	PVP					
ABplapppaaa	PVQL	PVQ_and_possibly_PVC					
ABprapppaaa	PVQR	PVQ_and_possibly_PVC					
Caappv	PVR	PVR					
ABplpappppa	PVT	PVT					
ABplapapaaa	QL	NA					
ABprapapaaa	QR	NA					
ABplpappppp	rect_D	rect_D					
ABplppppaap	rect_VL	Rectal_cell					
ABprppppaap	rect_VR	Rectal_cell					
ABalapaapaa	RIAL	RIA					
ABalaapppaa	RIAR	RIA					
ABplpaappap	RIBL	RIB					
ABprpaappap	RIBR	RIB					
ABplppaaaapp	RICL	RIC					
ABprppaaaapp	RICR	RIC					
ABalappaapa	RID	RID					
ABplppapaaap	RIFL	NA					
ABprppapaaap	RIFR	NA					
ABplppappaa	RIGL	NA					
ABprppappaa	RIGR	NA					
ABprpappaaa	RIH	RIH					
ABplppaapap	RIML	RIM					
ABprppaapap	RIMR	RIM					
ABalpapaaaa	RIPL	NA					
ABarappaaaa	RIPR	NA					
ABprpapppaa	RIR	NA					
ABprpappapa	RIS	RIS					
ABplpaapaaa	RIVL	RIV					
ABprpaapaaa	RIVR	RIV					
ABalpapapaa	RMDDL	RMD					
ABarappapaa	RMDDR	RMD					
ABalpppapad	RMDL	RMD					
ABpraaaapad	RMDR	RMD					
ABalppapaaa	RMDVL	RMD					
ABarapppaaa	RMDVR	RMD					
ABalapppaap	RMED	RMED					
ABalaaaarlp	RMEL	RME					
ABalaaaarrp	RMER	RME					
ABplpappaaa	RMEV	RME					
ABplapaaapp	RMGL	NA					
ABprapaaapp	RMGR	NA					
ABalppapapa	SAADL	NA					
ABarapppapa	SAADR	NA					
ABplpaaaaaa	SAAVL	NA					
ABprpaaaaaa	SAAVR	NA					
ABplppapaap	SABD	NA					
ABplppapaaaa	SABVL	NA					
ABprppapaaaa	SABVR	NA					
ABplpapaapa	SIADL	SIA					
ABprpapaapa	SIADR	SIA					
ABplpapappa	SIAVL	SIA					
ABprpapappa	SIAVR	SIA					
ABplppaaaaa	SIBDL	SIB					
ABprppaaaaa	SIBDR	SIB					
ABplpapaapp	SIBVL	SIB					
ABprpapaapp	SIBVR	SIB					
ABalpapapapp	SMBDL	SMB					
ABarappapapp	SMBDR	SMB					
ABalpapappp	SMBVL	SMB					
ABarappappp	SMBVR	SMB					
ABplpapaaaa	SMDDL	SMD					
ABprpapaaaa	SMDDR	SMD					
ABalppappaa	SMDVL	SMD					
ABarappppaa	SMDVR	SMD					
ABplppppppa	cell death	NA						
ABprppppppa	cell death	NA					
ABplappppp	TL	T					
ABprappppp	TR	T					
ABplppppapa	U		B_F_K_Kp_U_Y				
ABplaaaaaaa	URADL	NA					
ABarpapaaaa	URADR	NA					
ABplpaaapaa	URAVL	NA					
ABprpaaapaa	URAVR	NA					
ABplaapaapa	URBL	NA					
ABpraapaapa	URBR	NA					
ABplaaaaappp	URXL	URX					
ABarpapaappp	URXR	URX					
ABalapapapp	URYDL	NA					
ABalapppapp	URYDR	NA					
ABplpaaappp	URYVL	NA					
ABprpaaappp	URYVR	NA					
ABarppapaa	V1L	Seam_cell					
ABarppppaa	V1R	Seam_cell					
ABarppapap	V2L	Seam_cell					
ABarppppap	V2R	Seam_cell					
ABplappapa	V3L	Seam_cell					
ABprappapa	V3R	Seam_cell					
ABarppappa	V4L	Seam_cell					
ABarpppppa	V4R	Seam_cell					
ABplapapaap	V5L	Seam_cell					
ABprapapaap	V5R	Seam_cell					
ABarppappp	V6L	Seam_cell					
ABarpppppp	V6R	Seam_cell					
ABprpappppp	virL	NA					
ABprpappppa	virR	NA					
MSpaapapp	vpi1	NA					
MSaapappp	vpi2DL	NA					
MSpapappp	vpi2DR	NA					
MSaappaa	vpi2V	NA					
MSaaappp	vpi3D	NA					
MSaappap	vpi3V	NA					
ABprapaapa	W	NA					
ABplaaapaa	XXXL	XXX					
ABarpappaa	XXXR	XXX					
ABprpppaaaa	Y/PDA	Y	B_F_K_Kp_U_Y				
MSpppaap	Z1	Z1_Z4					
P4a	Z2	Germline					
P4p	Z3	Germline					
MSappaap	Z4	Z1_Z4					
