<?xml version="1.0"?>
<!DOCTYPE hibernate-mapping PUBLIC "-//Hibernate/Hibernate Mapping DTD 3.0//EN"
"http://www.hibernate.org/dtd/hibernate-mapping-3.0.dtd">
<!-- Generated Jan 7, 2024 6:57:58 AM by Hibernate Tools 4.3.1 -->
<hibernate-mapping>
    <class name="org.rhwlab.chipseqweb.ChipSequencingFile" table="ChipSequencingFile" catalog="waterstonlab">
        <id name="fileId" type="string">
            <column name="FileID" length="200" />
            <generator class="assigned"></generator>
        </id>
        <property name="expId" type="string">
            <column name="ExpID" length="200" not-null="true" />
        </property>
        <property name="uploadedOn" type="date">
            <column name="UploadedOn" length="10" not-null="true" />
        </property>
        <property name="description" type="string">
            <column name="Description" length="65535" />
        </property>
        <property name="status" type="string">
            <column name="Status" length="25" />
        </property>
        <property name="species" type="string">
            <column name="Species" length="25" not-null="true" />
        </property>
        <property name="sourceFileName" type="string">
            <column name="SourceFileName" length="1000" not-null="true" />
        </property>
        <property name="localFilePath" type="string">
            <column name="LocalFilePath" length="1000" not-null="true" />
        </property>
        <property name="replicate" type="java.lang.Integer">
            <column name="Replicate" />
        </property>
        <property name="readPair" type="java.lang.Integer">
            <column name="ReadPair" />
        </property>
        <property name="seqType" type="string">
            <column name="SeqType" length="10" />
        </property>
        <property name="uploadedBy" type="string">
            <column name="UploadedBy" length="50" />
        </property>
        <property name="fileSize" type="java.lang.Long">
            <column name="FileSize" />
        </property>
        <property name="md5" type="string">
            <column name="MD5" length="32" />
        </property>
        <property name="toDcc" type="date">
            <column name="ToDCC" length="10" />
        </property>
        <property name="accession" type="string">
            <column name="Accession" />
        </property>
    </class>
</hibernate-mapping>
