<?xml version="1.0"?>
<!DOCTYPE hibernate-mapping PUBLIC "-//Hibernate/Hibernate Mapping DTD 3.0//EN"
"http://www.hibernate.org/dtd/hibernate-mapping-3.0.dtd">
<!-- Generated Jan 7, 2024 6:57:58 AM by Hibernate Tools 4.3.1 -->
<hibernate-mapping>
    <class name="org.rhwlab.chipseqweb.ChipRun" table="ChipRun" catalog="waterstonlab">
        <id name="submitId" type="string">
            <column name="SubmitID" />
            <generator class="assigned"></generator>
        </id>
        <property name="expId" type="string">
            <column name="ExpID" not-null="true" />
        </property>
        <property name="submitBy" type="string">
            <column name="SubmitBy" length="50" not-null="true" />
        </property>
        <property name="submittedOn" type="date">
            <column name="SubmittedOn" length="10" not-null="true" />
        </property>
        <property name="markedForDcc" type="date">
            <column name="MarkedForDCC" length="10" />
        </property>
        <property name="chipId" type="string">
            <column name="ChipID" />
        </property>
        <property name="idrConserve" type="string">
            <column name="IdrConserve" />
        </property>
        <property name="idrConsist" type="string">
            <column name="IdrConsist" />
        </property>
        <property name="idrOptimal" type="string">
            <column name="IdrOptimal" />
        </property>
        <property name="idrRescue" type="string">
            <column name="IdrRescue" />
        </property>
        <property name="overlapConserve" type="string">
            <column name="OverlapConserve" />
        </property>
        <property name="overlapConsist" type="string">
            <column name="OverlapConsist" />
        </property>
        <property name="overlapOptimal" type="string">
            <column name="OverlapOptimal" />
        </property>
        <property name="overlapRescue" type="string">
            <column name="OverlapRescue" />
        </property>
        <property name="idrThreshold" type="string">
            <column name="IdrThreshold" />
        </property>
        <property name="status" type="string">
            <column name="Status" />
        </property>
        <property name="species" type="string">
            <column name="Species" />
        </property>
    </class>
</hibernate-mapping>
