<?xml version="1.0"?>
<!DOCTYPE hibernate-mapping PUBLIC "-//Hibernate/Hibernate Mapping DTD 3.0//EN"
"http://www.hibernate.org/dtd/hibernate-mapping-3.0.dtd">
<!-- Generated Jan 7, 2024 6:57:58 AM by Hibernate Tools 4.3.1 -->
<hibernate-mapping>
    <class name="org.rhwlab.chipseqweb.ChipExperiment" table="ChipExperiment" catalog="waterstonlab" optimistic-lock="version">
        <id name="expId" type="string">
            <column name="ExpID" length="250" />
            <generator class="assigned" />
        </id>
        <property name="strain" type="string">
            <column name="Strain" length="50" />
        </property>
        <property name="gene" type="string">
            <column name="Gene" length="25" />
        </property>
        <property name="stage" type="string">
            <column name="Stage" length="25" not-null="true" />
        </property>
        <property name="enteredBy" type="string">
            <column name="EnteredBy" length="25" />
        </property>
        <property name="enteredOn" type="date">
            <column name="EnteredOn" length="10" not-null="true" />
        </property>
        <property name="description" type="string">
            <column name="Description" length="65535" />
        </property>
        <property name="status" type="string">
            <column name="Status" length="25" />
        </property>
        <property name="species" type="string">
            <column name="Species" length="25" />
        </property>
        <property name="method" type="string">
            <column name="Method" />
        </property>
        <property name="guideSequence" type="string">
            <column name="GuideSequence" />
        </property>
        <property name="assembly" type="string">
            <column name="Assembly" length="5" />
        </property>
        <property name="chromosome" type="string">
            <column name="Chromosome" length="5" />
        </property>
        <property name="start" type="java.lang.Integer">
            <column name="Start" />
        </property>
        <property name="end" type="java.lang.Integer">
            <column name="End" />
        </property>
        <property name="reagent" type="string">
            <column name="Reagent" />
        </property>
        <property name="treatment" type="string">
            <column name="Treatment" />
        </property>
        <property name="basesBeforeTag" type="string">
            <column name="BasesBeforeTag" />
        </property>
        <property name="genotype" type="string">
            <column name="Genotype" />
        </property>
        <property name="geneticModDesc" type="string">
            <column name="GeneticModDesc" length="65535" />
        </property>
        <property name="wormSyncStage" type="string">
            <column name="WormSyncStage" />
        </property>
        <property name="age" type="string">
            <column name="Age" />
        </property>
        <property name="background" type="string">
            <column name="Background" />
        </property>
        <property name="geneType" type="string">
            <column name="GeneType" />
        </property>
        <property name="externalId" type="string">
            <column name="ExternalID" />
        </property>
        <property name="ageUnits" type="string">
            <column name="AgeUnits" length="15" />
        </property>
        <property name="expIpdesc" type="string">
            <column name="ExpIPDesc" length="65535" />
        </property>
        <property name="expCtlDesc" type="string">
            <column name="ExpCtlDesc" length="65535" />
        </property>
        <property name="accession" type="string">
            <column name="Accession" length="11" />
        </property>
        <property name="submissionStarted" type="date">
            <column name="SubmissionStarted" length="10" />
        </property>
        <property name="donorEmail" type="date">
            <column name="DonorEmail" length="10" />
        </property>
        <property name="antibody" type="string">
            <column name="Antibody" />
        </property>
        <property name="toEpic" type="java.lang.Boolean">
            <column name="ToEpic" />
        </property>
        <property name="domain" type="string">
            <column name="Domain" />
        </property>
        <property name="inAnalysis" type="boolean">
            <column name="InAnalysis" not-null="true" />
        </property>
        <property name="antibodyProduct" type="string">
            <column name="AntibodyProduct" />
        </property>
        <property name="correction" type="string">
            <column name="Correction" length="65535" />
        </property>
        <property name="baseGene" type="string">
            <column name="BaseGene" />
        </property>
    </class>
</hibernate-mapping>
