<?xml version="1.0"?>
<!DOCTYPE hibernate-mapping PUBLIC "-//Hibernate/Hibernate Mapping DTD 3.0//EN"
"http://www.hibernate.org/dtd/hibernate-mapping-3.0.dtd">
<!-- Generated Jan 7, 2024 6:57:58 AM by Hibernate Tools 4.3.1 -->
<hibernate-mapping>
    <class name="org.rhwlab.chipseqweb.ChipTag" table="ChipTag" catalog="waterstonlab">
        <id name="tagId" type="string">
            <column name="TagID" />
            <generator class="assigned"></generator>
        </id>
        <property name="expId" type="string">
            <column name="ExpID" />
        </property>
        <property name="name" type="string">
            <column name="Name" />
        </property>
        <property name="location" type="string">
            <column name="Location" />
        </property>
    </class>
</hibernate-mapping>
