<?xml version="1.0"?>
<!DOCTYPE hibernate-mapping PUBLIC "-//Hibernate/Hibernate Mapping DTD 3.0//EN"
"http://www.hibernate.org/dtd/hibernate-mapping-3.0.dtd">
<!-- Generated Jan 7, 2024 6:57:58 AM by Hibernate Tools 4.3.1 -->
<hibernate-mapping>
    <class name="org.rhwlab.chipseqweb.ChipUser" table="ChipUser" catalog="waterstonlab">
        <id name="username" type="string">
            <column name="Username" length="50" />
            <generator class="assigned"></generator>
        </id>
        <property name="password" type="string">
            <column name="Password" length="50" not-null="true" />
        </property>
    </class>
</hibernate-mapping>
