<?xml version="1.0" encoding="UTF-8"?>
<!DOCTYPE hibernate-configuration PUBLIC "-//Hibernate/Hibernate Configuration DTD 3.0//EN" "https://hibernate.org/dtd/hibernate-configuration-3.0.dtd">
<hibernate-configuration>
  <session-factory>
    <property name="hibernate.dialect">org.hibernate.dialect.MySQLDialect</property>
    <property name="hibernate.connection.driver_class">com.mysql.jdbc.Driver</property>
    <property name="hibernate.connection.url">jdbc:mysql://epic.gs.washington.edu:3306/waterstonlab</property>
    <property name="hibernate.connection.username">gevirl</property>
    <property name="hibernate.connection.password">rae0ohhahDiv</property>
    <property name="hibernate.show_sql">false</property>
    <property name="hibernate.current_session_context_class">thread</property>
    <property name="hibernate.query.factory_class">org.hibernate.hql.internal.classic.ClassicQueryTranslatorFactory</property>
    <property name="hibernate.connection.CharSet">utf8</property>
    <property name="hibernate.connection.characterEncoding">utf8</property>
    <property name="hibernate.connection.useUnicode">true</property>
    <property name="connection.autoReconnect">true</property>
    <property name="connection.autoReconnectForPools">true</property>
    <property name="connection.is-connection-validation-required">true</property>
    <mapping resource="org/rhwlab/chipseqweb/ChipUser.hbm.xml"/>
    <mapping resource="org/rhwlab/chipseqweb/ChipTag.hbm.xml"/>
    <mapping resource="org/rhwlab/chipseqweb/ChipRun.hbm.xml"/>
    <mapping resource="org/rhwlab/chipseqweb/ChipSequencingFile.hbm.xml"/>
    <mapping resource="org/rhwlab/chipseqweb/ChipExperiment.hbm.xml"/>
  </session-factory>
</hibernate-configuration>
