P0	null
P1	P0
P2	P1
P3	P2
P4	P3
Z3	P4
Z2	P4
D	P3
Dp	D
Dpp	Dp
Dppp	Dpp
Dpppp	Dppp
Dppppp	Dpppp
Dppppa	Dpppp
Dpppa	Dppp
Dpppap	Dpppa
Dpppaa	Dpppa
Dppa	Dpp
Dppap	Dppa
Dppaa	Dppa
Dpa	Dp
Dpap	Dpa
Dpapp	Dpap
Dpapa	Dpap
Dpaa	Dpa
Dpaap	Dpaa
Dpaaa	Dpaa
Da	D
Dap	Da
Dapp	Dap
Dappp	Dapp
Dapppp	Dappp
Dapppa	Dappp
Dappa	Dapp
Dappap	Dappa
Dappaa	Dappa
Dapa	Dap
Dapap	Dapa
Dapaa	Dapa
Daa	Da
Daap	Daa
Daapp	Daap
Daapa	Daap
Daaa	Daa
Daaap	Daaa
Daaaa	Daaa
C	P2
Cp	C
Cpp	Cp
Cppp	Cpp
Cpppp	Cppp
Cppppp	Cpppp
Cpppppv	Cppppp
Cpppppd	Cppppp
Cppppa	Cpppp
Cppppap	Cppppa
Cppppaa	Cppppa
Cpppa	Cppp
Cpppap	Cpppa
Cpppapp	Cpppap
Cpppapa	Cpppap
Cpppaa	Cpppa
Cpppaap	Cpppaa
Cpppaaa	Cpppaa
Cppa	Cpp
Cppap	Cppa
Cppapp	Cppap
Cppappp	Cppapp
Cppappa	Cppapp
Cppapa	Cppap
Cppapap	Cppapa
Cppapaa	Cppapa
Cppaa	Cppa
Cppaap	Cppaa
Cppaapp	Cppaap
Cppaapa	Cppaap
Cppaaa	Cppaa
Cppaaap	Cppaaa
Cppaaaa	Cppaaa
Cpa	Cp
Cpap	Cpa
Cpapp	Cpap
Cpappv	Cpapp
Cpappd	Cpapp
Cpapa	Cpap
Cpapap	Cpapa
Cpapaa	Cpapa
Cpaa	Cpa
Cpaap	Cpaa
Cpaapp	Cpaap
Cpaapa	Cpaap
Cpaaa	Cpaa
Cpaaap	Cpaaa
Cpaaaa	Cpaaa
Ca	C
Cap	Ca
Capp	Cap
Cappp	Capp
Capppp	Cappp
Cappppv	Capppp
Cappppd	Capppp
Capppa	Cappp
Capppap	Capppa
Capppaa	Capppa
Cappa	Capp
Cappap	Cappa
Cappapp	Cappap
Cappapa	Cappap
Cappaa	Cappa
Cappaap	Cappaa
Cappaaa	Cappaa
Capa	Cap
Capap	Capa
Capapp	Capap
Capappp	Capapp
Capappa	Capapp
Capapa	Capap
Capapap	Capapa
Capapaa	Capapa
Capaa	Capa
Capaap	Capaa
Capaapp	Capaap
Capaapa	Capaap
Capaaa	Capaa
Capaaap	Capaaa
Capaaaa	Capaaa
Caa	Ca
Caap	Caa
Caapp	Caap
Caappv	Caapp
Caappd	Caapp
Caapa	Caap
Caapap	Caapa
Caapaa	Caapa
Caaa	Caa
Caaap	Caaa
Caaapp	Caaap
Caaapa	Caaap
Caaaa	Caaa
Caaaap	Caaaa
Caaaaa	Caaaa
EMS	P1
E	EMS
Ep	E
Epr	Ep
Eprp	Epr
Eprpp	Eprp
Eprppp	Eprpp
Eprpppp	Eprppp
Eprpppa	Eprppp
Eprppa	Eprpp
Eprppap	Eprppa
Eprppaa	Eprppa
Eprpa	Eprp
Eprpap	Eprpa
Eprpaa	Eprpa
Epra	Epr
Eprap	Epra
Eprapp	Eprap
Eprapa	Eprap
Epraa	Epra
Epraap	Epraa
Epraaa	Epraa
Epl	Ep
Eplp	Epl
Eplpp	Eplp
Eplppp	Eplpp
Eplpppp	Eplppp
Eplpppa	Eplppp
Eplppa	Eplpp
Eplppap	Eplppa
Eplppaa	Eplppa
Eplpa	Eplp
Eplpap	Eplpa
Eplpaa	Eplpa
Epla	Epl
Eplap	Epla
Eplapp	Eplap
Eplapa	Eplap
Eplaa	Epla
Eplaap	Eplaa
Eplaaa	Eplaa
Ea	E
Ear	Ea
Earp	Ear
Earpp	Earp
Earppp	Earpp
Earppa	Earpp
Earpa	Earp
Eara	Ear
Earap	Eara
Earapp	Earap
Earapa	Earap
Earaa	Eara
Earaav	Earaa
Earaad	Earaa
Eal	Ea
Ealp	Eal
Ealpp	Ealp
Ealppp	Ealpp
Ealppa	Ealpp
Ealpa	Ealp
Eala	Eal
Ealap	Eala
Ealapp	Ealap
Ealapa	Ealap
Ealaa	Eala
Ealaav	Ealaa
Ealaad	Ealaa
MS	EMS
MSp	MS
MSpp	MSp
MSppp	MSpp
MSpppp	MSppp
MSppppp	MSpppp
MSpppppp	MSppppp
MSpppppa	MSppppp
MSppppa	MSpppp
MSppppap	MSppppa
MSppppaa	MSppppa
MSpppa	MSppp
MSpppap	MSpppa
MSpppapp	MSpppap
MSpppapa	MSpppap
MSpppaa	MSpppa
MSpppaap	MSpppaa
MSpppaaa	MSpppaa
MSppa	MSpp
MSppap	MSppa
MSppapp	MSppap
MSppappp	MSppapp
MSppappa	MSppapp
MSppapa	MSppap
MSppapap	MSppapa
MSppapaa	MSppapa
MSppapaap	MSppapaa
MSppapaaa	MSppapaa
MSppaa	MSppa
MSppaap	MSppaa
MSppaapp	MSppaap
MSppaapa	MSppaap
MSppaaa	MSppaa
MSppaaap	MSppaaa
MSppaaaa	MSppaaa
MSppaaaav	MSppaaaa
MSppaaaad	MSppaaaa
MSpa	MSp
MSpap	MSpa
MSpapp	MSpap
MSpappp	MSpapp
MSpapppp	MSpappp
MSpappppp	MSpapppp
MSpappppa	MSpapppp
MSpapppa	MSpappp
MSpapppap	MSpapppa
MSpapppaa	MSpapppa
MSpappa	MSpapp
MSpappap	MSpappa
MSpappaa	MSpappa
MSpapa	MSpap
MSpapap	MSpapa
MSpapapp	MSpapap
MSpapappp	MSpapapp
MSpapappa	MSpapapp
MSpapapa	MSpapap
MSpapapap	MSpapapa
MSpapapaa	MSpapapa
MSpapaa	MSpapa
MSpapaap	MSpapaa
MSpapaapp	MSpapaap
MSpapaapa	MSpapaap
MSpapaapap	MSpapaapa
MSpapaapaa	MSpapaapa
MSpapaaa	MSpapaa
MSpapaaap	MSpapaaa
MSpapaaaa	MSpapaaa
MSpaa	MSpa
MSpaap	MSpaa
MSpaapp	MSpaap
MSpaapa	MSpaap
MSpaapap	MSpaapa
MSpaapapp	MSpaapap
MSpaapapa	MSpaapap
MSpaapaa	MSpaapa
MSpaapaap	MSpaapaa
MSpaapaaa	MSpaapaa
MSpaaa	MSpaa
MSpaaap	MSpaaa
MSpaaapp	MSpaaap
MSpaaappp	MSpaaapp
MSpaaappa	MSpaaapp
MSpaaapa	MSpaaap
MSpaaapap	MSpaaapa
MSpaaapaa	MSpaaapa
MSpaaaa	MSpaaa
MSpaaaap	MSpaaaa
MSpaaaapp	MSpaaaap
MSpaaaapa	MSpaaaap
MSpaaaaa	MSpaaaa
MSpaaaaap	MSpaaaaa
MSpaaaaaa	MSpaaaaa
MSa	MS
MSap	MSa
MSapp	MSap
MSappp	MSapp
MSapppp	MSappp
MSappppp	MSapppp
MSappppa	MSapppp
MSapppa	MSappp
MSapppap	MSapppa
MSapppaa	MSapppa
MSappa	MSapp
MSappap	MSappa
MSappapp	MSappap
MSappapa	MSappap
MSappaa	MSappa
MSappaap	MSappaa
MSappaaa	MSappaa
MSapa	MSap
MSapap	MSapa
MSapapp	MSapap
MSapappp	MSapapp
MSapappa	MSapapp
MSapapa	MSapap
MSapapap	MSapapa
MSapapaa	MSapapa
MSapapaap	MSapapaa
MSapapaaa	MSapapaa
MSapaa	MSapa
MSapaap	MSapaa
MSapaapp	MSapaap
MSapaapa	MSapaap
MSapaaa	MSapaa
MSapaaap	MSapaaa
MSapaaaa	MSapaaa
MSapaaaav	MSapaaaa
MSapaaaad	MSapaaaa
MSaa	MSa
MSaap	MSaa
MSaapp	MSaap
MSaappp	MSaapp
MSaapppp	MSaappp
MSaappppp	MSaapppp
MSaappppa	MSaapppp
MSaapppa	MSaappp
MSaapppap	MSaapppa
MSaapppaa	MSaapppa
MSaappa	MSaapp
MSaappap	MSaappa
MSaappaa	MSaappa
MSaapa	MSaap
MSaapap	MSaapa
MSaapapp	MSaapap
MSaapappp	MSaapapp
MSaapappa	MSaapapp
MSaapapa	MSaapap
MSaapapap	MSaapapa
MSaapapaa	MSaapapa
MSaapaa	MSaapa
MSaapaap	MSaapaa
MSaapaapp	MSaapaap
MSaapaapa	MSaapaap
MSaapaapap	MSaapaapa
MSaapaapaa	MSaapaapa
MSaapaaa	MSaapaa
MSaapaaap	MSaapaaa
MSaapaaaa	MSaapaaa
MSaaa	MSaa
MSaaap	MSaaa
MSaaapp	MSaaap
MSaaappp	MSaaapp
MSaaappa	MSaaapp
MSaaapa	MSaaap
MSaaapap	MSaaapa
MSaaapapp	MSaaapap
MSaaapapa	MSaaapap
MSaaapaa	MSaaapa
MSaaapaap	MSaaapaa
MSaaapaaa	MSaaapaa
MSaaaa	MSaaa
MSaaaap	MSaaaa
MSaaaapp	MSaaaap
MSaaaappp	MSaaaapp
MSaaaappa	MSaaaapp
MSaaaapa	MSaaaap
MSaaaapap	MSaaaapa
MSaaaapaa	MSaaaapa
MSaaaaa	MSaaaa
MSaaaaap	MSaaaaa
MSaaaaapp	MSaaaaap
MSaaaaapa	MSaaaaap
MSaaaaapap	MSaaaaapa
MSaaaaapaa	MSaaaaapa
MSaaaaaa	MSaaaaa
MSaaaaaar	MSaaaaaa
MSaaaaaal	MSaaaaaa
AB	P0
ABp	AB
ABpr	ABp
ABprp	ABpr
ABprpp	ABprp
ABprppp	ABprpp
ABprpppp	ABprppp
ABprppppp	ABprpppp
ABprpppppp	ABprppppp
ABprppppppp	ABprpppppp
ABprppppppa	ABprpppppp
ABprpppppa	ABprppppp
ABprpppppap	ABprpppppa
ABprpppppaa	ABprpppppa
ABprppppa	ABprpppp
ABprppppap	ABprppppa
ABprppppapp	ABprppppap
ABprppppapa	ABprppppap
ABprppppaa	ABprppppa
ABprppppaap	ABprppppaa
ABprppppaaa	ABprppppaa
ABprpppa	ABprppp
ABprpppap	ABprpppa
ABprpppapp	ABprpppap
ABprpppapa	ABprpppap
ABprpppapap	ABprpppapa
ABprpppapaa	ABprpppapa
ABprpppaa	ABprpppa
ABprpppaap	ABprpppaa
ABprpppaapp	ABprpppaap
ABprpppaapa	ABprpppaap
ABprpppaapap	ABprpppaapa
ABprpppaapaa	ABprpppaapa
ABprpppaaa	ABprpppaa
ABprpppaaap	ABprpppaaa
ABprpppaaaa	ABprpppaaa
ABprppa	ABprpp
ABprppap	ABprppa
ABprppapp	ABprppap
ABprppappp	ABprppapp
ABprppapppp	ABprppappp
ABprppapppa	ABprppappp
ABprppappa	ABprppapp
ABprppappap	ABprppappa
ABprppappaa	ABprppappa
ABprppapa	ABprppap
ABprppapap	ABprppapa
ABprppapapp	ABprppapap
ABprppapapa	ABprppapap
ABprppapaa	ABprppapa
ABprppapaap	ABprppapaa
ABprppapaaa	ABprppapaa
ABprppapaaap	ABprppapaaa
ABprppapaaaa	ABprppapaaa
ABprppaa	ABprppa
ABprppaap	ABprppaa
ABprppaapp	ABprppaap
ABprppaappp	ABprppaapp
ABprppaappa	ABprppaapp
ABprppaapa	ABprppaap
ABprppaapap	ABprppaapa
ABprppaapaa	ABprppaapa
ABprppaaa	ABprppaa
ABprppaaap	ABprppaaa
ABprppaaaa	ABprppaaa
ABprppaaaap	ABprppaaaa
ABprppaaaapp	ABprppaaaap
ABprppaaaapa	ABprppaaaap
ABprppaaaaa	ABprppaaaa
ABprpa	ABprp
ABprpap	ABprpa
ABprpapp	ABprpap
ABprpappp	ABprpapp
ABprpapppp	ABprpappp
ABprpappppp	ABprpapppp
ABprpappppa	ABprpapppp
ABprpapppa	ABprpappp
ABprpapppap	ABprpapppa
ABprpapppaa	ABprpapppa
ABprpappa	ABprpapp
ABprpappap	ABprpappa
ABprpappapp	ABprpappap
ABprpappapa	ABprpappap
ABprpappaa	ABprpappa
ABprpappaap	ABprpappaa
ABprpappaaa	ABprpappaa
ABprpapa	ABprpap
ABprpapap	ABprpapa
ABprpapapp	ABprpapap
ABprpapappp	ABprpapapp
ABprpapappa	ABprpapapp
ABprpapapa	ABprpapap
ABprpapapap	ABprpapapa
ABprpapapaa	ABprpapapa
ABprpapaa	ABprpapa
ABprpapaap	ABprpapaa
ABprpapaapp	ABprpapaap
ABprpapaapa	ABprpapaap
ABprpapaaa	ABprpapaa
ABprpapaaap	ABprpapaaa
ABprpapaaaa	ABprpapaaa
ABprpaa	ABprpa
ABprpaap	ABprpaa
ABprpaapp	ABprpaap
ABprpaappp	ABprpaapp
ABprpaapppp	ABprpaappp
ABprpaappppp	ABprpaapppp
ABprpaappppa	ABprpaapppp
ABprpaapppa	ABprpaappp
ABprpaappa	ABprpaapp
ABprpaappap	ABprpaappa
ABprpaappaa	ABprpaappa
ABprpaapa	ABprpaap
ABprpaapap	ABprpaapa
ABprpaapapp	ABprpaapap
ABprpaapapa	ABprpaapap
ABprpaapaa	ABprpaapa
ABprpaapaap	ABprpaapaa
ABprpaapaaa	ABprpaapaa
ABprpaaa	ABprpaa
ABprpaaap	ABprpaaa
ABprpaaapp	ABprpaaap
ABprpaaappp	ABprpaaapp
ABprpaaappa	ABprpaaapp
ABprpaaappap	ABprpaaappa
ABprpaaappaa	ABprpaaappa
ABprpaaapa	ABprpaaap
ABprpaaapap	ABprpaaapa
ABprpaaapaa	ABprpaaapa
ABprpaaaa	ABprpaaa
ABprpaaaap	ABprpaaaa
ABprpaaaapp	ABprpaaaap
ABprpaaaapa	ABprpaaaap
ABprpaaaaa	ABprpaaaa
ABprpaaaaap	ABprpaaaaa
ABprpaaaaaa	ABprpaaaaa
ABpra	ABpr
ABprap	ABpra
ABprapp	ABprap
ABprappp	ABprapp
ABprapppp	ABprappp
ABprappppp	ABprapppp
ABprappppa	ABprapppp
ABprapppa	ABprappp
ABprapppap	ABprapppa
ABprapppapp	ABprapppap
ABprapppappp	ABprapppapp
ABprapppappa	ABprapppapp
ABprapppapa	ABprapppap
ABprapppaa	ABprapppa
ABprapppaap	ABprapppaa
ABprapppaaa	ABprapppaa
ABprappa	ABprapp
ABprappap	ABprappa
ABprappapp	ABprappap
ABprappapa	ABprappap
ABprappaa	ABprappa
ABprappaap	ABprappaa
ABprappaaa	ABprappaa
ABprapa	ABprap
ABprapap	ABprapa
ABprapapp	ABprapap
ABprapappp	ABprapapp
ABprapapppp	ABprapappp
ABprapappppp	ABprapapppp
ABprapappppa	ABprapapppp
ABprapappppap	ABprapappppa
ABprapappppaa	ABprapappppa
ABprapapppa	ABprapappp
ABprapappa	ABprapapp
ABprapapa	ABprapap
ABprapapap	ABprapapa
ABprapapaa	ABprapapa
ABprapapaap	ABprapapaa
ABprapapaaa	ABprapapaa
ABprapaa	ABprapa
ABprapaap	ABprapaa
ABprapaapp	ABprapaap
ABprapaapa	ABprapaap
ABprapaaa	ABprapaa
ABprapaaap	ABprapaaa
ABprapaaapp	ABprapaaap
ABprapaaapa	ABprapaaap
ABprapaaapav	ABprapaaapa
ABprapaaapad	ABprapaaapa
ABprapaaaa	ABprapaaa
ABprapaaaap	ABprapaaaa
ABprapaaaapp	ABprapaaaap
ABprapaaaapa	ABprapaaaap
ABprapaaaaa	ABprapaaaa
ABpraa	ABpra
ABpraap	ABpraa
ABpraapp	ABpraap
ABpraappp	ABpraapp
ABpraapppp	ABpraappp
ABpraapppa	ABpraappp
ABpraappa	ABpraapp
ABpraappap	ABpraappa
ABpraappaa	ABpraappa
ABpraapa	ABpraap
ABpraapap	ABpraapa
ABpraapapp	ABpraapap
ABpraapappp	ABpraapapp
ABpraapapppp	ABpraapappp
ABpraapapppa	ABpraapappp
ABpraapappa	ABpraapapp
ABpraapapa	ABpraapap
ABpraapapap	ABpraapapa
ABpraapapaa	ABpraapapa
ABpraapaa	ABpraapa
ABpraapaap	ABpraapaa
ABpraapaapp	ABpraapaap
ABpraapaapa	ABpraapaap
ABpraapaaa	ABpraapaa
ABpraapaaap	ABpraapaaa
ABpraapaaaa	ABpraapaaa
ABpraaa	ABpraa
ABpraaap	ABpraaa
ABpraaapp	ABpraaap
ABpraaappp	ABpraaapp
ABpraaapppp	ABpraaappp
ABpraaappppp	ABpraaapppp
ABpraaappppa	ABpraaapppp
ABpraaapppa	ABpraaappp
ABpraaapppap	ABpraaapppa
ABpraaapppaa	ABpraaapppa
ABpraaappa	ABpraaapp
ABpraaappap	ABpraaappa
ABpraaappaa	ABpraaappa
ABpraaapa	ABpraaap
ABpraaapap	ABpraaapa
ABpraaapapp	ABpraaapap
ABpraaapapa	ABpraaapap
ABpraaapapap	ABpraaapapa
ABpraaapapaa	ABpraaapapa
ABpraaapaa	ABpraaapa
ABpraaapaav	ABpraaapaa
ABpraaapaad	ABpraaapaa
ABpraaaa	ABpraaa
ABpraaaap	ABpraaaa
ABpraaaapp	ABpraaaap
ABpraaaappp	ABpraaaapp
ABpraaaapppp	ABpraaaappp
ABpraaaapppa	ABpraaaappp
ABpraaaappa	ABpraaaapp
ABpraaaapa	ABpraaaap
ABpraaaapav	ABpraaaapa
ABpraaaapad	ABpraaaapa
ABpraaaaa	ABpraaaa
ABpraaaaap	ABpraaaaa
ABpraaaaapv	ABpraaaaap
ABpraaaaapd	ABpraaaaap
ABpraaaaaa	ABpraaaaa
ABpraaaaaap	ABpraaaaaa
ABpraaaaaaa	ABpraaaaaa
ABpl	ABp
ABplp	ABpl
ABplpp	ABplp
ABplppp	ABplpp
ABplpppp	ABplppp
ABplppppp	ABplpppp
ABplpppppp	ABplppppp
ABplppppppp	ABplpppppp
ABplppppppa	ABplpppppp
ABplpppppa	ABplppppp
ABplpppppap	ABplpppppa
ABplpppppaa	ABplpppppa
ABplppppa	ABplpppp
ABplppppap	ABplppppa
ABplppppapp	ABplppppap
ABplppppapa	ABplppppap
ABplppppaa	ABplppppa
ABplppppaap	ABplppppaa
ABplppppaaa	ABplppppaa
ABplpppa	ABplppp
ABplpppap	ABplpppa
ABplpppapp	ABplpppap
ABplpppapa	ABplpppap
ABplpppapap	ABplpppapa
ABplpppapaa	ABplpppapa
ABplpppaa	ABplpppa
ABplpppaap	ABplpppaa
ABplpppaapp	ABplpppaap
ABplpppaapa	ABplpppaap
ABplpppaapap	ABplpppaapa
ABplpppaapaa	ABplpppaapa
ABplpppaaa	ABplpppaa
ABplpppaaap	ABplpppaaa
ABplpppaaaa	ABplpppaaa
ABplppa	ABplpp
ABplppap	ABplppa
ABplppapp	ABplppap
ABplppappp	ABplppapp
ABplppapppp	ABplppappp
ABplppapppa	ABplppappp
ABplppappa	ABplppapp
ABplppappap	ABplppappa
ABplppappaa	ABplppappa
ABplppapa	ABplppap
ABplppapap	ABplppapa
ABplppapapp	ABplppapap
ABplppapapa	ABplppapap
ABplppapaa	ABplppapa
ABplppapaap	ABplppapaa
ABplppapaaa	ABplppapaa
ABplppapaaap	ABplppapaaa
ABplppapaaaa	ABplppapaaa
ABplppaa	ABplppa
ABplppaap	ABplppaa
ABplppaapp	ABplppaap
ABplppaappp	ABplppaapp
ABplppaappa	ABplppaapp
ABplppaapa	ABplppaap
ABplppaapap	ABplppaapa
ABplppaapaa	ABplppaapa
ABplppaaa	ABplppaa
ABplppaaap	ABplppaaa
ABplppaaaa	ABplppaaa
ABplppaaaap	ABplppaaaa
ABplppaaaapp	ABplppaaaap
ABplppaaaapa	ABplppaaaap
ABplppaaaaa	ABplppaaaa
ABplpa	ABplp
ABplpap	ABplpa
ABplpapp	ABplpap
ABplpappp	ABplpapp
ABplpapppp	ABplpappp
ABplpappppp	ABplpapppp
ABplpappppa	ABplpapppp
ABplpapppa	ABplpappp
ABplpapppap	ABplpapppa
ABplpapppaa	ABplpapppa
ABplpappa	ABplpapp
ABplpappap	ABplpappa
ABplpappaa	ABplpappa
ABplpappaap	ABplpappaa
ABplpappaaa	ABplpappaa
ABplpapa	ABplpap
ABplpapap	ABplpapa
ABplpapapp	ABplpapap
ABplpapappp	ABplpapapp
ABplpapappa	ABplpapapp
ABplpapapa	ABplpapap
ABplpapapap	ABplpapapa
ABplpapapaa	ABplpapapa
ABplpapaa	ABplpapa
ABplpapaap	ABplpapaa
ABplpapaapp	ABplpapaap
ABplpapaapa	ABplpapaap
ABplpapaaa	ABplpapaa
ABplpapaaap	ABplpapaaa
ABplpapaaaa	ABplpapaaa
ABplpaa	ABplpa
ABplpaap	ABplpaa
ABplpaapp	ABplpaap
ABplpaappp	ABplpaapp
ABplpaapppp	ABplpaappp
ABplpaappppp	ABplpaapppp
ABplpaappppa	ABplpaapppp
ABplpaapppa	ABplpaappp
ABplpaappa	ABplpaapp
ABplpaappap	ABplpaappa
ABplpaappaa	ABplpaappa
ABplpaapa	ABplpaap
ABplpaapap	ABplpaapa
ABplpaapapp	ABplpaapap
ABplpaapapa	ABplpaapap
ABplpaapaa	ABplpaapa
ABplpaapaap	ABplpaapaa
ABplpaapaaa	ABplpaapaa
ABplpaaa	ABplpaa
ABplpaaap	ABplpaaa
ABplpaaapp	ABplpaaap
ABplpaaappp	ABplpaaapp
ABplpaaappa	ABplpaaapp
ABplpaaappap	ABplpaaappa
ABplpaaappaa	ABplpaaappa
ABplpaaapa	ABplpaaap
ABplpaaapap	ABplpaaapa
ABplpaaapaa	ABplpaaapa
ABplpaaaa	ABplpaaa
ABplpaaaap	ABplpaaaa
ABplpaaaapp	ABplpaaaap
ABplpaaaapa	ABplpaaaap
ABplpaaaaa	ABplpaaaa
ABplpaaaaap	ABplpaaaaa
ABplpaaaaaa	ABplpaaaaa
ABpla	ABpl
ABplap	ABpla
ABplapp	ABplap
ABplappp	ABplapp
ABplapppp	ABplappp
ABplappppp	ABplapppp
ABplappppa	ABplapppp
ABplapppa	ABplappp
ABplapppap	ABplapppa
ABplapppapp	ABplapppap
ABplapppappp	ABplapppapp
ABplapppappa	ABplapppapp
ABplapppapa	ABplapppap
ABplapppaa	ABplapppa
ABplapppaap	ABplapppaa
ABplapppaaa	ABplapppaa
ABplappa	ABplapp
ABplappap	ABplappa
ABplappapp	ABplappap
ABplappapa	ABplappap
ABplappaa	ABplappa
ABplappaap	ABplappaa
ABplappaaa	ABplappaa
ABplapa	ABplap
ABplapap	ABplapa
ABplapapp	ABplapap
ABplapappp	ABplapapp
ABplapapppp	ABplapappp
ABplapappppp	ABplapapppp
ABplapappppa	ABplapapppp
ABplapappppap	ABplapappppa
ABplapappppaa	ABplapappppa
ABplapapppa	ABplapappp
ABplapappa	ABplapapp
ABplapapa	ABplapap
ABplapapap	ABplapapa
ABplapapaa	ABplapapa
ABplapapaap	ABplapapaa
ABplapapaaa	ABplapapaa
ABplapaa	ABplapa
ABplapaap	ABplapaa
ABplapaapp	ABplapaap
ABplapaapa	ABplapaap
ABplapaaa	ABplapaa
ABplapaaap	ABplapaaa
ABplapaaapp	ABplapaaap
ABplapaaapa	ABplapaaap
ABplapaaapav	ABplapaaapa
ABplapaaapad	ABplapaaapa
ABplapaaaa	ABplapaaa
ABplapaaaap	ABplapaaaa
ABplapaaaapp	ABplapaaaap
ABplapaaaapa	ABplapaaaap
ABplapaaaaa	ABplapaaaa
ABplaa	ABpla
ABplaap	ABplaa
ABplaapp	ABplaap
ABplaappp	ABplaapp
ABplaapppp	ABplaappp
ABplaapppa	ABplaappp
ABplaappa	ABplaapp
ABplaappap	ABplaappa
ABplaappaa	ABplaappa
ABplaapa	ABplaap
ABplaapap	ABplaapa
ABplaapapp	ABplaapap
ABplaapappp	ABplaapapp
ABplaapapppp	ABplaapappp
ABplaapapppa	ABplaapappp
ABplaapappa	ABplaapapp
ABplaapapa	ABplaapap
ABplaapapap	ABplaapapa
ABplaapapaa	ABplaapapa
ABplaapaa	ABplaapa
ABplaapaap	ABplaapaa
ABplaapaapp	ABplaapaap
ABplaapaapa	ABplaapaap
ABplaapaaa	ABplaapaa
ABplaapaaap	ABplaapaaa
ABplaapaaaa	ABplaapaaa
ABplaaa	ABplaa
ABplaaap	ABplaaa
ABplaaapp	ABplaaap
ABplaaappp	ABplaaapp
ABplaaappa	ABplaaapp
ABplaaapa	ABplaaap
ABplaaapap	ABplaaapa
ABplaaapaa	ABplaaapa
ABplaaaa	ABplaaa
ABplaaaap	ABplaaaa
ABplaaaapp	ABplaaaap
ABplaaaapa	ABplaaaap
ABplaaaaa	ABplaaaa
ABplaaaaap	ABplaaaaa
ABplaaaaapp	ABplaaaaap
ABplaaaaappp	ABplaaaaapp
ABplaaaaappa	ABplaaaaapp
ABplaaaaapa	ABplaaaaap
ABplaaaaaa	ABplaaaaa
ABplaaaaaap	ABplaaaaaa
ABplaaaaaaa	ABplaaaaaa
ABa	AB
ABar	ABa
ABarp	ABar
ABarpp	ABarp
ABarppp	ABarpp
ABarpppp	ABarppp
ABarppppp	ABarpppp
ABarpppppp	ABarppppp
ABarpppppa	ABarppppp
ABarppppa	ABarpppp
ABarppppap	ABarppppa
ABarppppaa	ABarppppa
ABarpppa	ABarppp
ABarpppap	ABarpppa
ABarpppapp	ABarpppap
ABarpppappp	ABarpppapp
ABarpppappa	ABarpppapp
ABarpppapa	ABarpppap
ABarpppaa	ABarpppa
ABarpppaap	ABarpppaa
ABarpppaaa	ABarpppaa
ABarppa	ABarpp
ABarppap	ABarppa
ABarppapp	ABarppap
ABarppappp	ABarppapp
ABarppappa	ABarppapp
ABarppapa	ABarppap
ABarppapap	ABarppapa
ABarppapaa	ABarppapa
ABarppaa	ABarppa
ABarppaap	ABarppaa
ABarppaapp	ABarppaap
ABarppaappp	ABarppaapp
ABarppaappa	ABarppaapp
ABarppaapa	ABarppaap
ABarppaaa	ABarppaa
ABarppaaap	ABarppaaa
ABarppaaaa	ABarppaaa
ABarpa	ABarp
ABarpap	ABarpa
ABarpapp	ABarpap
ABarpappp	ABarpapp
ABarpapppp	ABarpappp
ABarpapppa	ABarpappp
ABarpappa	ABarpapp
ABarpappap	ABarpappa
ABarpappaa	ABarpappa
ABarpapa	ABarpap
ABarpapap	ABarpapa
ABarpapapp	ABarpapap
ABarpapapa	ABarpapap
ABarpapaa	ABarpapa
ABarpapaap	ABarpapaa
ABarpapaapp	ABarpapaap
ABarpapaappp	ABarpapaapp
ABarpapaappa	ABarpapaapp
ABarpapaapa	ABarpapaap
ABarpapaaa	ABarpapaa
ABarpapaaap	ABarpapaaa
ABarpapaaaa	ABarpapaaa
ABarpaa	ABarpa
ABarpaap	ABarpaa
ABarpaapp	ABarpaap
ABarpaappp	ABarpaapp
ABarpaappa	ABarpaapp
ABarpaapa	ABarpaap
ABarpaapap	ABarpaapa
ABarpaapaa	ABarpaapa
ABarpaaa	ABarpaa
ABarpaaap	ABarpaaa
ABarpaaapp	ABarpaaap
ABarpaaapa	ABarpaaap
ABarpaaapap	ABarpaaapa
ABarpaaapaa	ABarpaaapa
ABarpaaaa	ABarpaaa
ABarpaaaap	ABarpaaaa
ABarpaaaapp	ABarpaaaap
ABarpaaaapa	ABarpaaaap
ABarpaaaaa	ABarpaaaa
ABarpaaaaar	ABarpaaaaa
ABarpaaaaal	ABarpaaaaa
ABara	ABar
ABarap	ABara
ABarapp	ABarap
ABarappp	ABarapp
ABarapppp	ABarappp
ABarappppp	ABarapppp
ABarapppppp	ABarappppp
ABarapppppa	ABarappppp
ABarapppppap	ABarapppppa
ABarapppppaa	ABarapppppa
ABarappppa	ABarapppp
ABarappppap	ABarappppa
ABarappppaa	ABarappppa
ABarapppa	ABarappp
ABarapppap	ABarapppa
ABarapppapp	ABarapppap
ABarapppapa	ABarapppap
ABarapppaa	ABarapppa
ABarapppaap	ABarapppaa
ABarapppaaa	ABarapppaa
ABarappa	ABarapp
ABarappap	ABarappa
ABarappapp	ABarappap
ABarappappp	ABarappapp
ABarappappa	ABarappapp
ABarappapa	ABarappap
ABarappapap	ABarappapa
ABarappapapp	ABarappapap
ABarappapapa	ABarappapap
ABarappapaa	ABarappapa
ABarappaa	ABarappa
ABarappaap	ABarappaa
ABarappaapp	ABarappaap
ABarappaapa	ABarappaap
ABarappaaa	ABarappaa
ABarappaaap	ABarappaaa
ABarappaaaa	ABarappaaa
ABarapa	ABarap
ABarapap	ABarapa
ABarapapp	ABarapap
ABarapappp	ABarapapp
ABarapapppp	ABarapappp
ABarapapppa	ABarapappp
ABarapappa	ABarapapp
ABarapappap	ABarapappa
ABarapappaa	ABarapappa
ABarapapa	ABarapap
ABarapapap	ABarapapa
ABarapapapp	ABarapapap
ABarapapapa	ABarapapap
ABarapapaa	ABarapapa
ABarapapaap	ABarapapaa
ABarapapaapp	ABarapapaap
ABarapapaapa	ABarapapaap
ABarapapaaa	ABarapapaa
ABarapaa	ABarapa
ABarapaap	ABarapaa
ABarapaapp	ABarapaap
ABarapaappp	ABarapaapp
ABarapaappa	ABarapaapp
ABarapaapa	ABarapaap
ABarapaapap	ABarapaapa
ABarapaapaa	ABarapaapa
ABarapaaa	ABarapaa
ABarapaaap	ABarapaaa
ABarapaaapp	ABarapaaap
ABarapaaapa	ABarapaaap
ABarapaaaa	ABarapaaa
ABarapaaaap	ABarapaaaa
ABarapaaaaa	ABarapaaaa
ABaraa	ABara
ABaraap	ABaraa
ABaraapp	ABaraap
ABaraappp	ABaraapp
ABaraapppp	ABaraappp
ABaraappppp	ABaraapppp
ABaraappppa	ABaraapppp
ABaraapppa	ABaraappp
ABaraapppap	ABaraapppa
ABaraapppaa	ABaraapppa
ABaraapppaav	ABaraapppaa
ABaraapppaad	ABaraapppaa
ABaraappa	ABaraapp
ABaraappap	ABaraappa
ABaraappapp	ABaraappap
ABaraappapa	ABaraappap
ABaraappaa	ABaraappa
ABaraappaap	ABaraappaa
ABaraappaaa	ABaraappaa
ABaraapa	ABaraap
ABaraapap	ABaraapa
ABaraapapp	ABaraapap
ABaraapappp	ABaraapapp
ABaraapappa	ABaraapapp
ABaraapapa	ABaraapap
ABaraapapap	ABaraapapa
ABaraapapaa	ABaraapapa
ABaraapapaav	ABaraapapaa
ABaraapapaad	ABaraapapaa
ABaraapaa	ABaraapa
ABaraapaap	ABaraapaa
ABaraapaapp	ABaraapaap
ABaraapaapa	ABaraapaap
ABaraapaaa	ABaraapaa
ABaraapaaap	ABaraapaaa
ABaraapaaaa	ABaraapaaa
ABaraaa	ABaraa
ABaraaap	ABaraaa
ABaraaapp	ABaraaap
ABaraaappp	ABaraaapp
ABaraaapppp	ABaraaappp
ABaraaapppa	ABaraaappp
ABaraaappa	ABaraaapp
ABaraaappap	ABaraaappa
ABaraaappaa	ABaraaappa
ABaraaapa	ABaraaap
ABaraaapap	ABaraaapa
ABaraaapapp	ABaraaapap
ABaraaapapa	ABaraaapap
ABaraaapaa	ABaraaapa
ABaraaapaap	ABaraaapaa
ABaraaapaaa	ABaraaapaa
ABaraaaa	ABaraaa
ABaraaaap	ABaraaaa
ABaraaaapp	ABaraaaap
ABaraaaapa	ABaraaaap
ABaraaaapap	ABaraaaapa
ABaraaaapaa	ABaraaaapa
ABaraaaaa	ABaraaaa
ABaraaaaap	ABaraaaaa
ABaraaaaapp	ABaraaaaap
ABaraaaaapa	ABaraaaaap
ABaraaaaaa	ABaraaaaa
ABaraaaaaap	ABaraaaaaa
ABaraaaaaaa	ABaraaaaaa
ABal	ABa
ABalp	ABal
ABalpp	ABalp
ABalppp	ABalpp
ABalpppp	ABalppp
ABalppppp	ABalpppp
ABalpppppp	ABalppppp
ABalppppppp	ABalpppppp
ABalpppppppp	ABalppppppp
ABalpppppppa	ABalppppppp
ABalppppppa	ABalpppppp
ABalppppppap	ABalppppppa
ABalppppppaa	ABalppppppa
ABalpppppa	ABalppppp
ABalpppppap	ABalpppppa
ABalpppppaa	ABalpppppa
ABalppppa	ABalpppp
ABalppppap	ABalppppa
ABalppppapp	ABalppppap
ABalppppapa	ABalppppap
ABalppppapap	ABalppppapa
ABalppppapaa	ABalppppapa
ABalppppaa	ABalppppa
ABalppppaav	ABalppppaa
ABalppppaad	ABalppppaa
ABalpppa	ABalppp
ABalpppap	ABalpppa
ABalpppapp	ABalpppap
ABalpppappp	ABalpppapp
ABalpppapppp	ABalpppappp
ABalpppapppa	ABalpppappp
ABalpppappa	ABalpppapp
ABalpppapa	ABalpppap
ABalpppapav	ABalpppapa
ABalpppapad	ABalpppapa
ABalpppaa	ABalpppa
ABalpppaap	ABalpppaa
ABalpppaapv	ABalpppaap
ABalpppaapd	ABalpppaap
ABalpppaaa	ABalpppaa
ABalpppaaap	ABalpppaaa
ABalpppaaaa	ABalpppaaa
ABalppa	ABalpp
ABalppap	ABalppa
ABalppapp	ABalppap
ABalppappp	ABalppapp
ABalppapppp	ABalppappp
ABalppapppa	ABalppappp
ABalppapppap	ABalppapppa
ABalppapppaa	ABalppapppa
ABalppappa	ABalppapp
ABalppappap	ABalppappa
ABalppappaa	ABalppappa
ABalppapa	ABalppap
ABalppapap	ABalppapa
ABalppapapp	ABalppapap
ABalppapapa	ABalppapap
ABalppapaa	ABalppapa
ABalppapaap	ABalppapaa
ABalppapaaa	ABalppapaa
ABalppaa	ABalppa
ABalppaap	ABalppaa
ABalppaapp	ABalppaap
ABalppaappp	ABalppaapp
ABalppaappa	ABalppaapp
ABalppaapa	ABalppaap
ABalppaaa	ABalppaa
ABalppaaap	ABalppaaa
ABalppaaapp	ABalppaaap
ABalppaaapa	ABalppaaap
ABalppaaaa	ABalppaaa
ABalpa	ABalp
ABalpap	ABalpa
ABalpapp	ABalpap
ABalpappp	ABalpapp
ABalpapppp	ABalpappp
ABalpappppp	ABalpapppp
ABalpappppa	ABalpapppp
ABalpapppa	ABalpappp
ABalpapppap	ABalpapppa
ABalpapppaa	ABalpapppa
ABalpappa	ABalpapp
ABalpappap	ABalpappa
ABalpappapp	ABalpappap
ABalpappapa	ABalpappap
ABalpappaa	ABalpappa
ABalpappaap	ABalpappaa
ABalpappaapp	ABalpappaap
ABalpappaapa	ABalpappaap
ABalpappaaa	ABalpappaa
ABalpapa	ABalpap
ABalpapap	ABalpapa
ABalpapapp	ABalpapap
ABalpapappp	ABalpapapp
ABalpapappa	ABalpapapp
ABalpapapa	ABalpapap
ABalpapapap	ABalpapapa
ABalpapapapp	ABalpapapap
ABalpapapapa	ABalpapapap
ABalpapapaa	ABalpapapa
ABalpapaa	ABalpapa
ABalpapaap	ABalpapaa
ABalpapaapp	ABalpapaap
ABalpapaapa	ABalpapaap
ABalpapaaa	ABalpapaa
ABalpapaaap	ABalpapaaa
ABalpapaaaa	ABalpapaaa
ABalpaa	ABalpa
ABalpaap	ABalpaa
ABalpaapp	ABalpaap
ABalpaappp	ABalpaapp
ABalpaapppp	ABalpaappp
ABalpaapppa	ABalpaappp
ABalpaappa	ABalpaapp
ABalpaappap	ABalpaappa
ABalpaappaa	ABalpaappa
ABalpaapa	ABalpaap
ABalpaapap	ABalpaapa
ABalpaapapp	ABalpaapap
ABalpaapapa	ABalpaapap
ABalpaapaa	ABalpaapa
ABalpaapaap	ABalpaapaa
ABalpaapaaa	ABalpaapaa
ABalpaaa	ABalpaa
ABalpaaap	ABalpaaa
ABalpaaapp	ABalpaaap
ABalpaaappp	ABalpaaapp
ABalpaaappa	ABalpaaapp
ABalpaaapa	ABalpaaap
ABalpaaapap	ABalpaaapa
ABalpaaapaa	ABalpaaapa
ABalpaaaa	ABalpaaa
ABalpaaaap	ABalpaaaa
ABalpaaaapp	ABalpaaaap
ABalpaaaapa	ABalpaaaap
ABalpaaaaa	ABalpaaaa
ABalpaaaaap	ABalpaaaaa
ABalpaaaaaa	ABalpaaaaa
ABala	ABal
ABalap	ABala
ABalapp	ABalap
ABalappp	ABalapp
ABalapppp	ABalappp
ABalappppp	ABalapppp
ABalapppppp	ABalappppp
ABalapppppa	ABalappppp
ABalappppa	ABalapppp
ABalappppap	ABalappppa
ABalappppaa	ABalappppa
ABalappppaap	ABalappppaa
ABalappppaaa	ABalappppaa
ABalapppa	ABalappp
ABalapppap	ABalapppa
ABalapppapp	ABalapppap
ABalapppapa	ABalapppap
ABalapppapap	ABalapppapa
ABalapppapaa	ABalapppapa
ABalapppaa	ABalapppa
ABalapppaap	ABalapppaa
ABalapppaaa	ABalapppaa
ABalappa	ABalapp
ABalappap	ABalappa
ABalappapp	ABalappap
ABalappappp	ABalappapp
ABalappappa	ABalappapp
ABalappapa	ABalappap
ABalappapap	ABalappapa
ABalappapaa	ABalappapa
ABalappaa	ABalappa
ABalappaap	ABalappaa
ABalappaapp	ABalappaap
ABalappaapa	ABalappaap
ABalappaaa	ABalappaa
ABalapa	ABalap
ABalapap	ABalapa
ABalapapp	ABalapap
ABalapappp	ABalapapp
ABalapapppp	ABalapappp
ABalapapppa	ABalapappp
ABalapappa	ABalapapp
ABalapappap	ABalapappa
ABalapappaa	ABalapappa
ABalapappaap	ABalapappaa
ABalapappaaa	ABalapappaa
ABalapapa	ABalapap
ABalapapap	ABalapapa
ABalapapapp	ABalapapap
ABalapapapa	ABalapapap
ABalapapapap	ABalapapapa
ABalapapapaa	ABalapapapa
ABalapapaa	ABalapapa
ABalapaa	ABalapa
ABalapaap	ABalapaa
ABalapaapp	ABalapaap
ABalapaappp	ABalapaapp
ABalapaappa	ABalapaapp
ABalapaappap	ABalapaappa
ABalapaappaa	ABalapaappa
ABalapaapa	ABalapaap
ABalapaapap	ABalapaapa
ABalapaapaa	ABalapaapa
ABalapaaa	ABalapaa
ABalapaaap	ABalapaaa
ABalapaaapp	ABalapaaap
ABalapaaapa	ABalapaaap
ABalapaaaa	ABalapaaa
ABalapaaaap	ABalapaaaa
ABalapaaaaa	ABalapaaaa
ABalaa	ABala
ABalaap	ABalaa
ABalaapp	ABalaap
ABalaappp	ABalaapp
ABalaapppp	ABalaappp
ABalaappppp	ABalaapppp
ABalaappppa	ABalaapppp
ABalaappppap	ABalaappppa
ABalaappppaa	ABalaappppa
ABalaapppa	ABalaappp
ABalaapppap	ABalaapppa
ABalaapppaa	ABalaapppa
ABalaappa	ABalaapp
ABalaappap	ABalaappa
ABalaappapp	ABalaappap
ABalaappapa	ABalaappap
ABalaappaa	ABalaappa
ABalaapa	ABalaap
ABalaapap	ABalaapa
ABalaapapp	ABalaapap
ABalaapappp	ABalaapapp
ABalaapappa	ABalaapapp
ABalaapapa	ABalaapap
ABalaapaa	ABalaapa
ABalaapaap	ABalaapaa
ABalaapaapp	ABalaapaap
ABalaapaapa	ABalaapaap
ABalaapaaa	ABalaapaa
ABalaapaaar	ABalaapaaa
ABalaapaaal	ABalaapaaa
ABalaaa	ABalaa
ABalaaap	ABalaaa
ABalaaapp	ABalaaap
ABalaaappr	ABalaaapp
ABalaaapprr	ABalaaappr
ABalaaapprl	ABalaaappr
ABalaaappl	ABalaaapp
ABalaaapplr	ABalaaappl
ABalaaappll	ABalaaappl
ABalaaapa	ABalaaap
ABalaaapar	ABalaaapa
ABalaaaparr	ABalaaapar
ABalaaaparl	ABalaaapar
ABalaaapal	ABalaaapa
ABalaaapalr	ABalaaapal
ABalaaapall	ABalaaapal
ABalaaaa	ABalaaa
ABalaaaar	ABalaaaa
ABalaaaarr	ABalaaaar
ABalaaaarrp	ABalaaaarr
ABalaaaarra	ABalaaaarr
ABalaaaarl	ABalaaaar
ABalaaaarlp	ABalaaaarl
ABalaaaarla	ABalaaaarl
ABalaaaal	ABalaaaa
ABalaaaalp	ABalaaaal
ABalaaaalpp	ABalaaaalp
ABalaaaalpa	ABalaaaalp
ABalaaaala	ABalaaaal
ABalaaaalar	ABalaaaala
ABalaaaalal	ABalaaaala
